{"cameraMode":{"drawMode":0,"name":"Shaded","section":"Shading Mode"},"sceneLighting":true,"audioPlay":false,"sceneViewState":{"m_AlwaysRefresh":false,"showFog":true,"showSkybox":true,"showFlares":true,"showImageEffects":true,"showParticleSystems":true,"showVisualEffectGraphs":true,"m_FxEnabled":true},"in2DMode":false,"pivot":{"x":-9.753546714782715,"y":12.218927383422852,"z":12.485153198242188},"rotation":{"x":-0.08290822803974152,"y":-0.18246139585971833,"z":0.014896506443619728,"w":-0.9799211621284485},"size":15.378538131713868,"orthographic":false}